,Time,HR,HR-LP,Tb,Tb Transformed
0,2013-11-30 17:00,0.0,0.01069940461140247,1.643,5.014501970798867
1,2013-11-30 17:04,0.0,0.011758492137213247,1.645,5.016314717148726
2,2013-11-30 17:08,0.0,0.012922414130741286,1.645,5.016314717148726
3,2013-11-30 17:12,0.0,0.014201547699972207,1.643,5.014501970798867
4,2013-11-30 17:16,0.0,0.015607297137676272,1.647,5.018127463498584
5,2013-11-30 17:20,0.0,0.017152195597962515,1.646,5.017221090323655
6,2013-11-30 17:24,0.0,0.018850016837352723,1.645,5.016314717148726
7,2013-11-30 17:28,0.0,0.020715898016618318,1.645,5.016314717148726
8,2013-11-30 17:32,0.0,0.02276647465823696,1.644,5.015408343973797
9,2013-11-30 17:36,0.0,0.025020028962700766,1.642,5.013595597623938
10,2013-11-30 17:40,0.0,0.027496652806010807,1.645,5.016314717148726
11,2013-11-30 17:44,0.0,0.030218426871584606,1.647,5.018127463498584
12,2013-11-30 17:48,0.0,0.03320961751365206,1.645,5.016314717148726
13,2013-11-30 17:52,0.0,0.03649689310730266,1.647,5.018127463498584
14,2013-11-30 17:56,0.0,0.04010956181408287,1.649,5.019940209848443
15,2013-11-30 18:00,0.0,0.044079832882975865,1.648,5.019033836673514
16,2013-11-30 18:04,0.0,0.04844310381642868,1.65,5.0208465830233715
17,2013-11-30 18:08,0.0,0.05323827596169547,1.649,5.019940209848443
18,2013-11-30 18:12,0.0,0.05850810134119504,1.648,5.019033836673514
19,2013-11-30 18:16,0.0,0.06429956381409709,1.646,5.017221090323655
20,2013-11-30 18:20,0.0,0.07066429796743591,1.646,5.017221090323655
21,2013-11-30 18:24,0.0,0.07765904947143361,1.645,5.016314717148726
22,2013-11-30 18:28,0.0,0.08534618100339429,1.645,5.016314717148726
23,2013-11-30 18:32,0.0,0.09379422825080422,1.646,5.017221090323655
24,2013-11-30 18:36,0.0,0.10307851095076043,1.646,5.017221090323655
25,2013-11-30 18:40,0.0,0.11328180441353472,1.645,5.016314717148726
26,2013-11-30 18:44,0.0,0.12449507751733453,1.648,5.019033836673514
27,2013-11-30 18:48,0.0,0.13681830375395518,1.649,5.019940209848443
28,2013-11-30 18:52,0.0,0.15036135255631375,1.648,5.019033836673514
29,2013-11-30 18:56,0.0,0.16524496885461865,1.648,5.019033836673514
30,2013-11-30 19:00,0.0,0.18160184959454395,1.645,5.016314717148726
31,2013-11-30 19:04,0.0,0.19957782681525546,1.642,5.013595597623938
32,2013-11-30 19:08,0.0,0.21933316783518483,1.642,5.013595597623938
33,2013-11-30 19:12,0.0,0.2410440041375384,1.642,5.013595597623938
34,2013-11-30 19:16,0.0,0.2649039016949676,1.643,5.014501970798867
35,2013-11-30 19:20,0.0,0.2911255867338484,1.642,5.013595597623938
36,2013-11-30 19:24,0.0,0.31994284232446085,1.645,5.016314717148726
37,2013-11-30 19:28,0.0,0.35161259270638096,1.646,5.017221090323655
38,2013-11-30 19:32,0.0,0.3864171939321777,1.646,5.017221090323655
39,2013-11-30 19:36,0.0,0.4246669512519665,1.646,5.017221090323655
40,2013-11-30 19:40,0.0,0.46670288568291024,1.642,5.013595597623938
41,2013-11-30 19:44,0.0,0.5128997744294023,1.641,5.012689224449009
42,2013-11-30 19:48,0.0,0.563669492261219,1.639,5.010876478099151
43,2013-11-30 19:52,0.0,0.6194646836401625,1.638,5.009970104924221
44,2013-11-30 19:56,0.0,0.6807827983345482,1.64,5.01178285127408
45,2013-11-30 20:00,0.0,0.7481705265016173,1.64,5.01178285127408
46,2013-11-30 20:04,0.0,0.8222286727794671,1.641,5.012689224449009
47,2013-11-30 20:08,0.0,0.9036175128441424,1.627,5.0
48,2013-11-30 20:12,0.0,0.9930626801890146,1.642,5.013595597623938
49,2013-11-30 20:16,0.0,1.0913616356108473,1.64,5.01178285127408
50,2013-11-30 20:20,0.0,1.199390777082149,1.638,5.009970104924221
51,2013-11-30 20:24,0.0,1.3181132533988658,1.64,5.01178285127408
52,2013-11-30 20:28,0.0,1.4485875512670734,1.636,5.008157358574363
53,2013-11-30 20:32,0.0,1.5919769323880326,1.636,5.008157358574363
54,2013-11-30 20:36,0.0,1.7495598046792478,1.637,5.0090637317492925
55,2013-11-30 20:40,0.0,1.9227411200975877,1.636,5.008157358574363
56,2013-11-30 20:44,0.0,2.1130649006833444,1.637,5.0090637317492925
57,2013-11-30 20:48,0.0,2.3222280045029104,1.636,5.008157358574363
58,2013-11-30 20:52,0.0,2.552095254222248,1.636,5.008157358574363
59,2013-11-30 20:56,0.0,2.804716063192045,1.639,5.010876478099151
60,2013-11-30 21:00,0.0,3.082342707276724,1.638,5.009970104924221
61,2013-11-30 21:04,0.0,3.387450405332335,1.639,5.010876478099151
62,2013-11-30 21:08,0.0,3.7227593873636144,1.637,5.0090637317492925
63,2013-11-30 21:12,0.0,4.091259147111925,1.631,5.003625492699717
64,2013-11-30 21:16,0.0,4.496235095301393,1.633,5.0054382390495755
65,2013-11-30 21:20,0.0,4.941297851173951,1.63,5.002719119524787
66,2013-11-30 21:24,0.0,5.430415433466034,1.63,5.002719119524787
67,2013-11-30 21:28,0.0,5.967948637830041,1.631,5.003625492699717
68,2013-11-30 21:32,0.0,6.558689916112882,1.63,5.002719119524787
69,2013-11-30 21:36,0.0,7.207906104125196,1.632,5.004531865874646
70,2013-11-30 21:40,0.0,7.921385378846607,1.63,5.002719119524787
71,2013-11-30 21:44,0.0,8.705488863720486,1.631,5.003625492699717
72,2013-11-30 21:48,0.0,9.567207342132386,1.634,5.006344612224504
73,2013-11-30 21:52,0.0,10.51422358470904,1.637,5.0090637317492925
74,2013-11-30 21:56,0.0,11.554980846125588,1.64,5.01178285127408
75,2013-11-30 22:00,0.0,12.698758142113833,1.641,5.012689224449009
76,2013-11-30 22:04,0.0,13.955752977814127,1.644,5.015408343973797
77,2013-11-30 22:08,0.0,15.337172265046986,1.648,5.019033836673514
78,2013-11-30 22:12,0.0,16.855332239089982,1.651,5.021752956198301
79,2013-11-30 22:16,0.0,18.5237682657818,1.653,5.02356570254816
80,2013-11-30 22:20,0.0,20.35735551795391,1.655,5.025378448898018
81,2013-11-30 22:24,0.0,22.372441597097342,1.659,5.029003941597735
82,2013-11-30 22:28,0.0,24.586992282671435,1.66,5.029910314772664
83,2013-11-30 22:32,0.0,27.020751708502694,1.66,5.029910314772664
84,2013-11-30 22:36,0.0,29.695418394348714,1.664,5.033535807472381
85,2013-11-30 22:40,0.0,32.634838702060975,1.663,5.032629434297452
86,2013-11-30 22:44,0.0,35.86521944113175,1.666,5.03534855382224
87,2013-11-30 22:48,0.0,39.41536151913938,1.669,5.038067673347027
88,2013-11-30 22:52,0.0,43.3169167202349,1.675,5.043505912396602
89,2013-11-30 22:56,0.0,47.60466990101415,1.689,5.056195136845612
90,2013-11-30 23:00,36.0,52.23660837130558,1.699,5.065258868594904
91,2013-11-30 23:04,24.0,57.12029424034538,1.724,5.0879181979681345
92,2013-11-30 23:08,25.0,62.27029286111414,1.77,5.129611364014878
93,2013-11-30 23:12,30.0,67.74366430908499,1.836,5.1894319935602065
94,2013-11-30 23:16,39.0,73.54462899306556,1.904,5.251065369455393
95,2013-11-30 23:20,39.0,79.6736412957654,1.996,5.334451701548882
96,2013-11-30 23:24,40.0,86.16305617976421,2.118,5.445029228890246
97,2013-11-30 23:28,45.0,93.05512855588364,2.269,5.581891578304558
98,2013-11-30 23:32,49.0,100.37787200624254,2.44,5.736881391217454
99,2013-11-30 23:36,55.0,108.15422418194821,2.655,5.931751623827235
100,2013-11-30 23:40,60.0,116.40670912626368,2.856,6.113932631988009
101,2013-11-30 23:44,67.0,125.15763809083977,3.115,6.348683284294676
102,2013-11-30 23:48,76.0,134.42262172573862,3.383,6.591591295175706
103,2013-11-30 23:52,84.0,144.21070925834962,3.67,6.851720396380392
104,2013-11-30 23:56,96.0,154.52669808271006,3.97,7.123632348859157
105,2013-12-01 0:00,108.0,165.36448980230156,4.282,7.406420779437074
106,2013-12-01 0:04,122.0,176.70926476862857,4.643,7.733621495586521
107,2013-12-01 0:08,139.0,188.53512104490787,5.021,8.076230555709765
108,2013-12-01 0:12,168.0,200.77586764793764,5.418,8.436060706156665
109,2013-12-01 0:16,201.0,213.29991640674154,5.805,8.786827124854272
110,2013-12-01 0:20,254.0,225.88904858287063,6.217,9.16025287292511
111,2013-12-01 0:24,328.0,238.18074656900797,6.835,9.720391495031368
112,2013-12-01 0:28,392.0,249.69393763877497,7.54,10.359384583356466
113,2013-12-01 0:32,381.0,260.10554749560004,8.708,11.418028451673791
114,2013-12-01 0:36,342.0,269.50171556236256,10.404,12.955237356353745
115,2013-12-01 0:40,339.0,278.1712743692651,13.32,15.598221534447344
116,2013-12-01 0:44,352.0,286.2628436801525,16.329,18.32549841780936
117,2013-12-01 0:48,342.0,293.8195891778096,19.855,21.521370232609783
118,2013-12-01 0:52,355.0,300.8955106168762,22.375,23.805430633431413
119,2013-12-01 0:56,387.0,307.44670669190367,26.953,27.95480702825737
120,2013-12-01 1:00,420.0,313.2864054356056,29.386,30.160012962860158
121,2013-12-01 1:04,397.0,318.29950326629154,30.8,31.441624632210072
122,2013-12-01 1:08,391.0,322.57304443694966,31.461,32.04073730083829
123,2013-12-01 1:12,387.0,326.232057774149,32.644,33.11297676677955
124,2013-12-01 1:16,393.0,329.32699699628193,33.463,33.85529639704658
125,2013-12-01 1:20,367.0,331.9255758375081,33.771,34.13445933492478
126,2013-12-01 1:24,401.0,334.07770920408797,34.209,34.531450785543775
127,2013-12-01 1:28,363.0,335.7936691008683,34.665,34.9447569533115
128,2013-12-01 1:32,324.0,337.269296090296,34.632,34.91484663853883
129,2013-12-01 1:36,380.0,338.6514809101959,34.783,35.05170898795315
130,2013-12-01 1:40,372.0,339.8076674919552,35.257,35.481329872869594
131,2013-12-01 1:44,388.0,340.62334503542627,35.424,35.63269419308277
132,2013-12-01 1:48,383.0,341.06343654300224,35.316,35.53480589019042
133,2013-12-01 1:52,384.0,341.11626334381623,35.607,35.79856048409482
134,2013-12-01 1:56,345.0,340.87591062903607,35.792,35.96623952145673
135,2013-12-01 2:00,383.0,340.4271629781547,35.53,35.72876974962527
136,2013-12-01 2:04,384.0,339.6813209514597,35.783,35.95808216288236
137,2013-12-01 2:08,290.0,338.752096013543,35.681,35.86563209903957
138,2013-12-01 2:12,377.0,337.8540944984249,35.8,35.97349050685616
139,2013-12-01 2:16,381.0,336.7920817360371,36.006,36.16020338089157
140,2013-12-01 2:20,295.0,335.53652901717396,36.049,36.19917742741353
141,2013-12-01 2:24,294.0,334.45292802307574,35.812,35.98436698495531
142,2013-12-01 2:28,346.0,333.6118585071953,35.884,36.04962585355021
143,2013-12-01 2:32,346.0,332.77624410070905,35.927,36.08859990007217
144,2013-12-01 2:36,310.0,331.90297221260846,35.827,35.99796258257925
145,2013-12-01 2:40,354.0,331.04666653723837,35.773,35.94901843113307
146,2013-12-01 2:44,351.0,330.09047598832143,35.922,36.084068034197514
147,2013-12-01 2:48,358.0,328.92557458084866,35.916,36.07862979514795
148,2013-12-01 2:52,301.0,327.64410631994514,35.928,36.089506273247096
149,2013-12-01 2:56,282.0,326.51548871706535,35.647,35.83481541109199
150,2013-12-01 3:00,328.0,325.6388759996626,35.4,35.61094123688447
151,2013-12-01 3:04,314.0,324.8749469344244,35.508,35.70882953977683
152,2013-12-01 3:08,226.0,324.3729142832975,35.505,35.706110420252045
153,2013-12-01 3:12,359.0,324.255349956217,35.524,35.72333151057569
154,2013-12-01 3:16,351.0,324.1422911467703,35.603,35.79493499139511
155,2013-12-01 3:20,343.0,323.78977870850133,35.735,35.91457625048576
156,2013-12-01 3:24,288.0,323.37075363247067,35.695,35.87832132348859
157,2013-12-01 3:28,330.0,323.0508771780549,35.554,35.75052270582357
158,2013-12-01 3:32,347.0,322.724767597142,35.685,35.8692575917393
159,2013-12-01 3:36,306.0,322.31150557577934,35.799,35.97258413368123
160,2013-12-01 3:40,305.0,321.954514657872,35.918,36.0804425414978
161,2013-12-01 3:44,324.0,321.7041058736559,36.017,36.17017348581581
162,2013-12-01 3:48,298.0,321.53352866241664,36.048,36.1982710542386
163,2013-12-01 3:52,293.0,321.5259607871492,35.94,36.100382751346245
164,2013-12-01 3:56,202.0,321.9644063045826,35.628,35.817594320768336
165,2013-12-01 4:00,329.0,322.9865088172568,35.708,35.89010417476267
166,2013-12-01 4:04,334.0,324.22692419591374,35.794,35.968052267806584
167,2013-12-01 4:08,394.0,325.2576163292585,35.811,35.98346061178038
168,2013-12-01 4:12,403.0,325.78910059905706,35.785,35.95989490923222
169,2013-12-01 4:16,372.0,325.72135677215124,37.157,37.2034389052351
170,2013-12-01 4:20,391.0,325.1295637981245,36.978,37.04119810692278
171,2013-12-01 4:24,398.0,323.9772407291278,36.615,36.71218464442347
172,2013-12-01 4:28,382.0,322.21622240446146,36.272,36.40129864542275
173,2013-12-01 4:32,352.0,319.95339825329194,36.069,36.21730489091212
174,2013-12-01 4:36,302.0,317.4494363725062,35.869,36.03603025592628
175,2013-12-01 4:40,327.0,314.9160478588651,36.001,36.155671515016934
176,2013-12-01 4:44,320.0,312.34624830340823,35.803,35.97620962638095
177,2013-12-01 4:48,257.0,309.83302960501413,35.659,35.845691889191144
178,2013-12-01 4:52,244.0,307.679405626821,35.484,35.68707658357852
179,2013-12-01 4:56,335.0,305.86171761615634,35.406,35.616379475934046
180,2013-12-01 5:00,307.0,304.0494834587523,35.277,35.49945733636818
181,2013-12-01 5:04,209.0,302.36696723934244,35.161,35.394318048076386
182,2013-12-01 5:08,286.0,301.1268179739248,35.045,35.289178759784605
183,2013-12-01 5:12,302.0,300.15749744284483,35.003,35.251111086437575
184,2013-12-01 5:16,230.0,299.3678938763444,34.938,35.192196830067175
185,2013-12-01 5:20,340.0,298.7910878285105,34.721,34.99551385110753
186,2013-12-01 5:24,301.0,298.178985550055,34.739,35.011828568256256
187,2013-12-01 5:28,264.0,297.53727430659967,34.743,35.015454060955975
188,2013-12-01 5:32,303.0,297.02517214874877,34.795,35.0625854660523
189,2013-12-01 5:36,300.0,296.553414790895,34.757,35.02814328540499
190,2013-12-01 5:40,279.0,296.0910492987329,34.684,34.961978043635156
191,2013-12-01 5:44,307.0,295.67184485311515,34.622,34.90578290678954
192,2013-12-01 5:48,236.0,295.37230472708364,34.529,34.82149020152113
193,2013-12-01 5:52,330.0,295.23433652266453,34.462,34.76076319880087
194,2013-12-01 5:56,300.0,295.06279502316283,34.524,34.816958335646476
195,2013-12-01 6:00,306.0,294.7669944394042,34.587,34.87405984566702
196,2013-12-01 6:04,290.0,294.42008044932163,34.573,34.86137062121801
197,2013-12-01 6:08,269.0,294.1237188480047,34.558,34.84777502359407
198,2013-12-01 6:12,288.0,293.96219485994936,34.524,34.816958335646476
199,2013-12-01 6:16,238.0,294.00762241502514,34.511,34.8051754843724
200,2013-12-01 6:20,291.0,294.3228159998991,34.606,34.89128093599068
201,2013-12-01 6:24,246.0,294.88606776023533,34.633,34.91575301171376
202,2013-12-01 6:28,283.0,295.7023994452341,34.822,35.08705754177538
203,2013-12-01 6:32,266.0,296.75234225712757,34.913,35.16953750069394
204,2013-12-01 6:36,280.0,298.0073656421622,34.834,35.097934019874536
205,2013-12-01 6:40,249.0,299.52323712898686,34.869,35.12965708099706
206,2013-12-01 6:44,270.0,301.3736522414348,34.916,35.17225662021873
207,2013-12-01 6:48,231.0,303.6375180831178,34.906,35.16319288846944
208,2013-12-01 6:52,329.0,306.2436331671586,34.873,35.133282573696775
209,2013-12-01 6:56,279.0,308.976739338493,35.047,35.29099150613445
210,2013-12-01 7:00,296.0,311.82777033913425,35.126,35.362594986953866
211,2013-12-01 7:04,293.0,314.86449421533814,35.171,35.40338177982568
212,2013-12-01 7:08,404.0,317.8420583192811,35.085,35.32543368678177
213,2013-12-01 7:12,420.0,320.263215762312,35.213,35.44144945317271
214,2013-12-01 7:16,339.0,322.011360309395,36.169,36.30794220840504
215,2013-12-01 7:20,353.0,323.3962938632951,36.154,36.294346610781105
216,2013-12-01 7:24,380.0,324.4883156428632,35.937,36.09766363182146
217,2013-12-01 7:28,421.0,325.0542105647961,35.678,35.86291297951479
218,2013-12-01 7:32,407.0,324.8872775243095,36.334,36.457493782268365
219,2013-12-01 7:36,452.0,323.8567514453715,36.321,36.44571093099428
220,2013-12-01 7:40,405.0,321.88880614910005,36.189,36.326069671903625
221,2013-12-01 7:44,371.0,319.1508956495408,36.215,36.349635374451786
222,2013-12-01 7:48,265.0,316.1111987647991,36.269,36.39857952589796
223,2013-12-01 7:52,287.0,313.2418904236365,36.055,36.20461566646311
224,2013-12-01 7:56,287.0,310.6555813095917,35.892,36.05687683894965
225,2013-12-01 8:00,277.0,308.30246590885884,35.659,35.845691889191144
226,2013-12-01 8:04,291.0,306.1749381527437,35.651,35.83844090379171
227,2013-12-01 8:08,267.0,304.2674032304897,35.516,35.71608052517625
228,2013-12-01 8:12,285.0,302.59851680475174,35.482,35.68526383722867
229,2013-12-01 8:16,249.0,301.2068935193874,35.391,35.602783878310106
230,2013-12-01 8:20,327.0,300.0266323316741,35.323,35.54115050241492
231,2013-12-01 8:24,304.0,298.8310062204585,35.155,35.38887980902681
232,2013-12-01 8:28,269.0,297.6160421443315,34.999,35.247485593737856
233,2013-12-01 8:32,244.0,296.633919264604,34.902,35.15956739576972
234,2013-12-01 8:36,265.0,296.0185315479321,34.956,35.208511547215906
235,2013-12-01 8:40,302.0,295.64403129712554,34.857,35.118780602897914
236,2013-12-01 8:44,241.0,295.4312966741803,34.757,35.02814328540499
237,2013-12-01 8:48,226.0,295.6013219819073,34.646,34.92753586298784
238,2013-12-01 8:52,254.0,296.2960444142685,34.563,34.85230688946872
239,2013-12-01 8:56,269.0,297.3968389234809,34.486,34.782516154999165
240,2013-12-01 9:00,266.0,298.790929763369,34.396,34.70094256925553
241,2013-12-01 9:04,302.0,300.3904452086628,34.284,34.59942877366346
242,2013-12-01 9:08,250.0,302.1717544966555,34.281,34.59670965413868
243,2013-12-01 9:12,259.0,304.28224480842886,34.054,34.39096294342975
244,2013-12-01 9:16,261.0,306.8120576228244,33.88,34.23325401099206
245,2013-12-01 9:20,344.0,309.5697725077725,33.641,34.016630822183984
246,2013-12-01 9:24,267.0,312.3771454721192,33.694,34.06466860045523
247,2013-12-01 9:28,326.0,315.28595295509234,33.717,34.0855151834786
248,2013-12-01 9:32,409.0,318.04574403316366,33.833,34.19065447177039
249,2013-12-01 9:36,300.0,320.4225704838043,34.68,34.95835255093544
250,2013-12-01 9:40,248.0,322.8544293428155,35.212,35.44054307999778
251,2013-12-01 9:44,362.0,325.5836642433602,35.699,35.881946816188304
252,2013-12-01 9:48,271.0,328.4451507351041,35.866,36.03331113640149
253,2013-12-01 9:52,405.0,331.317292759011,35.819,35.99071159717982
254,2013-12-01 9:56,396.0,333.85124046971185,36.331,36.454774662743574
255,2013-12-01 10:00,379.0,335.848923571343,37.035,37.09286137789374
256,2013-12-01 10:04,437.0,337.29471903952606,37.312,37.34392674734914
257,2013-12-01 10:08,441.0,337.9719393674233,37.254,37.29135710320325
258,2013-12-01 10:12,370.0,337.8977669552006,37.552,37.561456309332144
259,2013-12-01 10:16,343.0,337.4393106053822,37.411,37.43365769166713
260,2013-12-01 10:20,351.0,336.8532653191726,37.284,37.31854829845112
261,2013-12-01 10:24,349.0,336.1633819543504,37.137,37.18531144173652
262,2013-12-01 10:28,352.0,335.3479073923306,37.063,37.118239826791765
263,2013-12-01 10:32,313.0,334.47758299528556,37.034,37.09195500471881
264,2013-12-01 10:36,397.0,333.5245890782205,37.097,37.14905651473936
265,2013-12-01 10:40,345.0,332.30880304642903,37.221,37.261446788430575
266,2013-12-01 10:44,366.0,330.81715648121957,37.653,37.653
267,2013-12-01 10:48,334.0,329.12996460722513,37.433,37.45359790151557
268,2013-12-01 10:52,378.0,327.2299561215774,37.433,37.45359790151557
269,2013-12-01 10:56,349.0,325.0400106737449,37.273,37.3085781935269
270,2013-12-01 11:00,314.0,322.64982007555835,36.827,36.90433575750846
271,2013-12-01 11:04,284.0,320.32560359971444,36.575,36.67592971742631
272,2013-12-01 11:08,311.0,318.1982052299599,36.363,36.48377860434131
273,2013-12-01 11:12,305.0,316.208537476816,36.149,36.28981474490646
274,2013-12-01 11:16,362.0,314.178379684582,36.025,36.17742447121523
275,2013-12-01 11:20,296.0,311.99601749335255,36.207,36.34238438905235
276,2013-12-01 11:24,295.0,309.8113908858541,36.264,36.39404766002332
277,2013-12-01 11:28,320.0,307.7008656367051,36.09,36.23633872758563
278,2013-12-01 11:32,398.0,305.3625535361165,36.238,36.370481957475164
279,2013-12-01 11:36,338.0,302.5059089670991,35.836,36.006119941153614
280,2013-12-01 11:40,401.0,299.0586560154925,35.216,35.44416857269749
281,2013-12-01 11:44,402.0,294.840723270964,35.739,35.91820174318548
282,2013-12-01 11:48,327.0,289.83679426582853,35.548,35.745084466773996
283,2013-12-01 11:52,308.0,284.3767126029151,35.394,35.6055029978349
284,2013-12-01 11:56,285.0,278.7149298830454,35.146,35.38072245045245
285,2013-12-01 12:00,186.0,273.1665088842872,34.819,35.084338422250596
286,2013-12-01 12:04,237.0,268.06089653492893,34.419,34.72178915227891
287,2013-12-01 12:08,290.0,263.2277540978532,34.148,34.476162021873094
288,2013-12-01 12:12,247.0,258.3698953178875,33.962,34.30757661133626
289,2013-12-01 12:16,254.0,253.50196093286695,33.826,34.18430985954588
290,2013-12-01 12:20,213.0,248.73657387602685,33.631,34.00756709043469
291,2013-12-01 12:24,340.0,243.91534437475335,33.681,34.052885749181144
292,2013-12-01 12:28,226.0,238.77462603048312,33.517,33.904240548492766
293,2013-12-01 12:32,224.0,233.49816375261457,33.38,33.780067423527456
294,2013-12-01 12:36,240.0,228.26626329699795,33.24,33.65317517903736
295,2013-12-01 12:40,243.0,222.9587249099923,33.056,33.48640251485038
296,2013-12-01 12:44,209.0,217.55497541302032,32.778,33.234430772220065
297,2013-12-01 12:48,264.0,212.02912602465094,32.507,32.98880364181424
298,2013-12-01 12:52,189.0,206.32968135847076,32.667,33.133823349802924
299,2013-12-01 12:56,211.0,200.5685376314967,32.207,32.71689168933548
300,2013-12-01 13:00,209.0,194.7678845870702,31.938,32.47307730527952
301,2013-12-01 13:04,190.0,188.87823460802016,31.76,32.31174288014212
302,2013-12-01 13:08,186.0,182.9451497288357,31.57,32.13953197690557
303,2013-12-01 13:12,269.0,176.79091376627773,31.375,31.962789207794373
304,2013-12-01 13:16,183.0,170.19126064037633,30.899,31.531355576528068
305,2013-12-01 13:20,158.0,163.34144593157313,30.386,31.066386137789376
306,2013-12-01 13:24,151.0,156.49913325069326,29.844,30.575131876977743
307,2013-12-01 13:28,115.0,149.7704872357937,29.219,30.008648642646982
308,2013-12-01 13:32,109.0,143.28497503264427,28.569,29.419506078942987
309,2013-12-01 13:36,134.0,137.03603908017195,27.882,28.796827707766617
310,2013-12-01 13:40,106.0,130.93230356822116,27.225,28.20134053183812
311,2013-12-01 13:44,100.0,125.00181945426618,26.54,27.580474907011606
312,2013-12-01 13:48,66.0,119.35665200075734,25.741,26.85628274024316
313,2013-12-01 13:52,82.0,114.07574769555245,25.095,26.270765669238887
314,2013-12-01 13:56,65.0,109.15437318767461,24.426,25.664402015211238
315,2013-12-01 14:00,85.0,104.54419346067807,23.781,25.07979131738189
316,2013-12-01 14:04,72.0,100.18181672092506,23.174,24.52962280019986
317,2013-12-01 14:08,63.0,96.06178323864704,22.569,23.98126702936768
318,2013-12-01 14:12,77.0,92.18525174836094,21.966,23.434724004885364
319,2013-12-01 14:16,44.0,88.54886523133491,21.379,22.902682951201914
320,2013-12-01 14:20,41.0,85.24279301147659,20.788,22.367016404818745
321,2013-12-01 14:24,70.0,82.25984844009629,20.269,21.89660872703048
322,2013-12-01 14:28,55.0,79.48428027395119,19.759,21.43435840781658
323,2013-12-01 14:32,91.0,76.81333071129792,19.228,20.953074251929166
324,2013-12-01 14:36,88.0,74.10282540817292,18.727,20.498981291289624
325,2013-12-01 14:40,43.0,71.36203212373867,18.204,20.024948120801646
326,2013-12-01 14:44,81.0,68.68910496759933,17.742,19.60620371398435
327,2013-12-01 14:48,40.0,66.08250218370691,17.31,19.21465050241492
328,2013-12-01 14:52,75.0,63.53904443047581,16.923,18.863884083717313
329,2013-12-01 14:56,37.0,61.0561153446004,16.934,18.873854188641538
330,2013-12-01 15:00,67.0,58.636096033862025,16.537,18.514024038194634
331,2013-12-01 15:04,29.0,56.29307303526131,16.157,18.169602231721534
332,2013-12-01 15:08,41.0,54.08193973131338,15.787,17.834244156997727
333,2013-12-01 15:12,68.0,51.95400663051104,15.426,17.50704344084828
334,2013-12-01 15:16,35.0,49.81674783072905,15.067,17.181655471048686
335,2013-12-01 15:20,60.0,47.68231304016929,14.702,16.85082926219952
336,2013-12-01 15:24,59.0,45.49600985452431,14.334,16.51728393382557
337,2013-12-01 15:28,0.0,43.318586732897884,13.977,16.19370871037584
338,2013-12-01 15:32,52.0,41.27996750587016,13.642,15.890073696774552
339,2013-12-01 15:36,51.0,39.26390455508303,13.283,15.564685726974961
340,2013-12-01 15:40,48.0,37.147664636752566,12.88,15.199417337478488
341,2013-12-01 15:44,0.0,35.03497015265274,12.614,14.958322072947317
342,2013-12-01 15:48,0.0,33.127647140222635,12.337,14.707256703491922
343,2013-12-01 15:52,0.0,31.515678261140923,11.998,14.399996197190918
344,2013-12-01 15:56,40.0,30.095535396123047,11.724,14.151649947260314
345,2013-12-01 16:00,0.0,28.765400677321797,11.402,13.859797784933102
346,2013-12-01 16:04,41.0,27.51118619446483,11.152,13.6332044912008
347,2013-12-01 16:08,0.0,26.31948091467457,10.921,13.42383228779215
348,2013-12-01 16:12,0.0,25.27104532104169,10.674,13.199958113584634
349,2013-12-01 16:16,46.0,24.345387392205872,10.466,13.011432493199356
350,2013-12-01 16:20,0.0,23.431724451289384,10.237,12.803873036140565
351,2013-12-01 16:24,0.0,22.624440454816057,10.045,12.629849386554156
352,2013-12-01 16:28,0.0,22.01886779554516,9.841,12.444949258868593
353,2013-12-01 16:32,49.0,21.500390832184554,9.673,12.292678565480486
354,2013-12-01 16:36,35.0,20.877158598452542,9.472,12.110497557319714
355,2013-12-01 16:40,32.0,20.103494206705058,9.301,11.95550774440682
356,2013-12-01 16:44,36.0,19.208162499595513,9.134,11.804143424193638
357,2013-12-01 16:48,31.0,18.183181023094097,8.965,11.650966357630601
358,2013-12-01 16:52,0.0,17.101881070772603,8.839,11.53676333758952
359,2013-12-01 16:56,0.0,16.103959111374778,8.703,11.413496585799145
360,2013-12-01 17:00,0.0,15.249614233279626,8.557,11.28116610225948
361,2013-12-01 17:04,0.0,14.531229406216863,8.423,11.159712096818964
362,2013-12-01 17:08,0.0,13.942399770610747,8.276,11.02647524010437
363,2013-12-01 17:12,0.0,13.477875534166099,8.122,10.88689377116527
364,2013-12-01 17:16,0.0,13.133515166616862,8.008,10.783567229223339
365,2013-12-01 17:20,26.0,12.848296823697279,7.832,10.624045550435797
366,2013-12-01 17:24,0.0,12.561725950066007,7.678,10.484464081496697
367,2013-12-01 17:28,24.0,12.275705402704807,7.528,10.348508105257315
368,2013-12-01 17:32,25.0,11.936420203142887,7.401,10.233398712041303
369,2013-12-01 17:36,23.0,11.487351574835698,7.272,10.116476572475435
370,2013-12-01 17:40,0.0,10.982447435776697,7.156,10.011337284183647
371,2013-12-01 17:44,0.0,10.524193907645282,7.033,9.899853383667352
372,2013-12-01 17:48,30.0,10.09290299979563,6.976,9.848190112696386
373,2013-12-01 17:52,24.0,9.564368355673176,6.827,9.713140509631934
374,2013-12-01 17:56,0.0,8.947251209414134,6.729,9.62431593848887
375,2013-12-01 18:00,0.0,8.356410690137741,6.679,9.57899727974241
376,2013-12-01 18:04,0.0,7.8400729095207495,6.598,9.505581052573142
377,2013-12-01 18:08,25.0,7.337911644494025,6.503,9.419475600954867
378,2013-12-01 18:12,0.0,6.789727064679663,6.42,9.34424662743574
379,2013-12-01 18:16,0.0,6.2463544963781725,6.294,9.23004360739466
380,2013-12-01 18:20,0.0,5.7586721680462025,6.187,9.133061677677233
381,2013-12-01 18:24,0.0,5.322332080237125,6.091,9.046049852884028
382,2013-12-01 18:28,0.0,4.933443982371582,5.999,8.96266352079054
383,2013-12-01 18:32,0.0,4.588540688668814,5.888,8.862056098373397
384,2013-12-01 18:36,0.0,4.284547165970884,5.793,8.775950646755122
385,2013-12-01 18:40,0.0,4.018753117858011,5.707,8.69800255371121
386,2013-12-01 18:44,0.0,3.788788820624877,5.619,8.618241714317438
387,2013-12-01 18:48,0.0,3.5926039956802254,5.53,8.537574501748738
388,2013-12-01 18:52,0.0,3.4284495300036713,5.442,8.457813662354965
389,2013-12-01 18:56,0.0,3.294861881685947,5.361,8.384397435185699
390,2013-12-01 19:00,0.0,3.1906500315179933,5.275,8.306449342141788
391,2013-12-01 19:04,0.0,3.114884864293991,5.182,8.22215663687337
392,2013-12-01 19:08,0.0,3.0668908851558623,5.111,8.157804141453395
393,2013-12-01 19:12,0.0,3.0462401971251625,5.034,8.088013406983844
394,2013-12-01 19:16,0.0,3.0527486861282136,4.947,8.009158940765003
395,2013-12-01 19:20,0.0,3.0864743795015412,4.872,7.941180952645312
396,2013-12-01 19:24,0.0,3.147717963342642,4.794,7.870483845000833
397,2013-12-01 19:28,0.0,3.237025463318597,4.721,7.804318603231
398,2013-12-01 19:32,0.0,3.355193112833645,4.652,7.741778854160884
399,2013-12-01 19:36,54.0,3.382913329319023,4.662,7.750842585910176
400,2013-12-01 19:40,0.0,3.2000721335704627,4.526,7.627575834119803
401,2013-12-01 19:44,0.0,2.925400502184154,4.46,7.567755204574475
402,2013-12-01 19:48,0.0,2.6768106847691873,4.398,7.511560067728862
403,2013-12-01 19:52,0.0,2.452086344325502,4.342,7.460803169932826
404,2013-12-01 19:56,0.0,2.249223919823452,4.274,7.39916979403764
405,2013-12-01 20:00,0.0,2.066414763177522,4.216,7.346600149891746
406,2013-12-01 20:04,0.0,1.9020290139934397,4.155,7.2913113862210635
407,2013-12-01 20:08,0.0,1.7546010683217426,4.096,7.237835368900239
408,2013-12-01 20:12,0.0,1.6228165118624691,4.048,7.194329456503636
409,2013-12-01 20:16,0.0,1.5055004011221385,3.991,7.14266618553267
410,2013-12-01 20:20,0.0,1.4016067880420535,3.938,7.094628407261423
411,2013-12-01 20:24,0.0,1.310209394703296,3.896,7.056560733914395
412,2013-12-01 20:28,0.0,1.2304933549674528,3.847,7.012148448342863
413,2013-12-01 20:32,0.0,1.1617479494245255,3.795,6.965017043246545
414,2013-12-01 20:36,0.0,1.103360268875443,3.753,6.926949369899518
